INSERT INTO public.program(id, acronym, name) VALUES (1, 'CE', 'Computer Engineering');
INSERT INTO public.program(id, acronym, name) VALUES (2, 'CS', 'Computer Science');
INSERT INTO public.program(id, acronym, name) VALUES (3, 'CSEC', 'Cybersecurity');
INSERT INTO public.program(id, acronym, name) VALUES (4, 'IS', 'Information Systems');
INSERT INTO public.program(id, acronym, name) VALUES (5, 'IT', 'Information Technology');
INSERT INTO public.program(id, acronym, name) VALUES (6, 'SE', 'Software Engineering');

INSERT INTO public.dkag(id, index, name) VALUES (1, 1, 'Users and Organizations');
INSERT INTO public.dkag(id, index, name) VALUES (2, 2, 'Systems Modeling');
INSERT INTO public.dkag(id, index, name) VALUES (3, 3, 'Systems Architecture and Infrastructure');
INSERT INTO public.dkag(id, index, name) VALUES (4, 4, 'Software Development');
INSERT INTO public.dkag(id, index, name) VALUES (5, 5, 'Software Fundamentals');
INSERT INTO public.dkag(id, index, name) VALUES (6, 6, 'Hardware');

INSERT INTO public.dka(id, index, name, dkag_id) VALUES (1, 1, 'Social Issues and Professional Practice', 1);
INSERT INTO public.dka(id, index, name, dkag_id) VALUES (2, 2, 'Security Policy and Management', 1);
INSERT INTO public.dka(id, index, name, dkag_id) VALUES (3, 3, 'IS Management and Leadership', 1);
INSERT INTO public.dka(id, index, name, dkag_id) VALUES (4, 4, 'Enterprise Architecture', 1);
INSERT INTO public.dka(id, index, name, dkag_id) VALUES (5, 5, 'Project Management', 1);
INSERT INTO public.dka(id, index, name, dkag_id) VALUES (6, 6, 'User Experience Design', 1);

INSERT INTO public.dka(id, index, name, dkag_id) VALUES (7, 1, 'Security Issues and Principles', 2);
INSERT INTO public.dka(id, index, name, dkag_id) VALUES (8, 2, 'Systems Analysis & Design', 2);
INSERT INTO public.dka(id, index, name, dkag_id) VALUES (9, 3, 'Requirements Analysis and Specification', 2);
INSERT INTO public.dka(id, index, name, dkag_id) VALUES (10, 4, 'Data and Information Management', 2);

INSERT INTO public.dka(id, index, name, dkag_id) VALUES (11, 1, 'Virtual Systems and Services', 3);
INSERT INTO public.dka(id, index, name, dkag_id) VALUES (12, 2, 'Intelligent Systems (AI)', 3);
INSERT INTO public.dka(id, index, name, dkag_id) VALUES (13, 3, 'Internet of Things', 3);
INSERT INTO public.dka(id, index, name, dkag_id) VALUES (14, 4, 'Parallel and Distributed Computing', 3);
INSERT INTO public.dka(id, index, name, dkag_id) VALUES (15, 5, 'Computer Networks', 3);
INSERT INTO public.dka(id, index, name, dkag_id) VALUES (16, 6, 'Embedded Systems', 3);
INSERT INTO public.dka(id, index, name, dkag_id) VALUES (17, 7, 'Integrated Systems Technology', 3);
INSERT INTO public.dka(id, index, name, dkag_id) VALUES (18, 8, 'Platform Technologies', 3);
INSERT INTO public.dka(id, index, name, dkag_id) VALUES (19, 9, 'Security Technology and Implementation', 3);

INSERT INTO public.dka(id, index, name, dkag_id) VALUES (20, 1, 'Software Quality, Verification and Validation', 4);
INSERT INTO public.dka(id, index, name, dkag_id) VALUES (21, 2, 'Software Process', 4);
INSERT INTO public.dka(id, index, name, dkag_id) VALUES (22, 3, 'Software Modeling and Analysis', 4);
INSERT INTO public.dka(id, index, name, dkag_id) VALUES (23, 4, 'Software Design', 4);
INSERT INTO public.dka(id, index, name, dkag_id) VALUES (24, 5, 'Platform-Based Development', 4);

INSERT INTO public.dka(id, index, name, dkag_id) VALUES (25, 1, 'Graphics and Visualization', 5);
INSERT INTO public.dka(id, index, name, dkag_id) VALUES (26, 2, 'Operating Systems', 5);
INSERT INTO public.dka(id, index, name, dkag_id) VALUES (27, 3, 'Data Structures, Algorithms and Complexity', 5);
INSERT INTO public.dka(id, index, name, dkag_id) VALUES (28, 4, 'Programming Languages', 5);
INSERT INTO public.dka(id, index, name, dkag_id) VALUES (29, 5, 'Programming Fundamentals', 5);
INSERT INTO public.dka(id, index, name, dkag_id) VALUES (30, 6, 'Computing Systems Fundamentals', 5);

INSERT INTO public.dka(id, index, name, dkag_id) VALUES (31, 1, 'Architecture and Organization', 6);
INSERT INTO public.dka(id, index, name, dkag_id) VALUES (32, 2, 'Digital Design', 6);
INSERT INTO public.dka(id, index, name, dkag_id) VALUES (33, 3, 'Circuits and Electronics', 6);
INSERT INTO public.dka(id, index, name, dkag_id) VALUES (34, 4, 'Signal Processing', 6);

-- CE
INSERT INTO public.weight(id, min, max, dka_id, program_id) VALUES (1, 2, 5, 1, 1);
INSERT INTO public.weight(id, min, max, dka_id, program_id) VALUES (2, 1, 3, 2, 1);
INSERT INTO public.weight(id, min, max, dka_id, program_id) VALUES (3, 0, 2, 3, 1);
INSERT INTO public.weight(id, min, max, dka_id, program_id) VALUES (4, 0, 1, 4, 1);
INSERT INTO public.weight(id, min, max, dka_id, program_id) VALUES (5, 1, 3, 5, 1);
INSERT INTO public.weight(id, min, max, dka_id, program_id) VALUES (6, 1, 3, 6, 1);
INSERT INTO public.weight(id, min, max, dka_id, program_id) VALUES (7, 2, 3, 7, 1);
INSERT INTO public.weight(id, min, max, dka_id, program_id) VALUES (8, 1, 2, 8, 1);
INSERT INTO public.weight(id, min, max, dka_id, program_id) VALUES (9, 1, 2, 9, 1);
INSERT INTO public.weight(id, min, max, dka_id, program_id) VALUES (10, 1, 2, 10, 1);
INSERT INTO public.weight(id, min, max, dka_id, program_id) VALUES (11, 1, 3, 11, 1);
INSERT INTO public.weight(id, min, max, dka_id, program_id) VALUES (12, 1, 3, 12, 1);
INSERT INTO public.weight(id, min, max, dka_id, program_id) VALUES (13, 2, 4, 13, 1);
INSERT INTO public.weight(id, min, max, dka_id, program_id) VALUES (14, 2, 4, 14, 1);
INSERT INTO public.weight(id, min, max, dka_id, program_id) VALUES (15, 2, 4, 15, 1);
INSERT INTO public.weight(id, min, max, dka_id, program_id) VALUES (16, 3, 5, 16, 1);
INSERT INTO public.weight(id, min, max, dka_id, program_id) VALUES (17, 1, 2, 17, 1);
INSERT INTO public.weight(id, min, max, dka_id, program_id) VALUES (18, 0, 1, 18, 1);
INSERT INTO public.weight(id, min, max, dka_id, program_id) VALUES (19, 2, 3, 19, 1);
INSERT INTO public.weight(id, min, max, dka_id, program_id) VALUES (20, 1, 3, 20, 1);
INSERT INTO public.weight(id, min, max, dka_id, program_id) VALUES (21, 1, 2, 21, 1);
INSERT INTO public.weight(id, min, max, dka_id, program_id) VALUES (22, 1, 3, 22, 1);
INSERT INTO public.weight(id, min, max, dka_id, program_id) VALUES (23, 2, 4, 23, 1);
INSERT INTO public.weight(id, min, max, dka_id, program_id) VALUES (24, 0, 2, 24, 1);
INSERT INTO public.weight(id, min, max, dka_id, program_id) VALUES (25, 1, 2, 25, 1);
INSERT INTO public.weight(id, min, max, dka_id, program_id) VALUES (26, 2, 4, 26, 1);
INSERT INTO public.weight(id, min, max, dka_id, program_id) VALUES (27, 2, 4, 27, 1);
INSERT INTO public.weight(id, min, max, dka_id, program_id) VALUES (28, 2, 3, 28, 1);
INSERT INTO public.weight(id, min, max, dka_id, program_id) VALUES (29, 2, 4, 29, 1);
INSERT INTO public.weight(id, min, max, dka_id, program_id) VALUES (30, 2, 3, 30, 1);
INSERT INTO public.weight(id, min, max, dka_id, program_id) VALUES (31, 4, 5, 31, 1);
INSERT INTO public.weight(id, min, max, dka_id, program_id) VALUES (32, 4, 5, 32, 1);
INSERT INTO public.weight(id, min, max, dka_id, program_id) VALUES (33, 4, 5, 33, 1);
INSERT INTO public.weight(id, min, max, dka_id, program_id) VALUES (34, 3, 4, 34, 1);

-- CS
INSERT INTO public.weight(id, min, max, dka_id, program_id) VALUES (35, 2, 4, 1, 2);
INSERT INTO public.weight(id, min, max, dka_id, program_id) VALUES (36, 2, 3, 2, 2);
INSERT INTO public.weight(id, min, max, dka_id, program_id) VALUES (37, 0, 2, 3, 2);
INSERT INTO public.weight(id, min, max, dka_id, program_id) VALUES (38, 0, 1, 4, 2);
INSERT INTO public.weight(id, min, max, dka_id, program_id) VALUES (39, 2, 3, 5, 2);
INSERT INTO public.weight(id, min, max, dka_id, program_id) VALUES (40, 2, 4, 6, 2);
INSERT INTO public.weight(id, min, max, dka_id, program_id) VALUES (41, 2, 3, 7, 2);
INSERT INTO public.weight(id, min, max, dka_id, program_id) VALUES (42, 1, 2, 8, 2);
INSERT INTO public.weight(id, min, max, dka_id, program_id) VALUES (43, 1, 2, 9, 2);
INSERT INTO public.weight(id, min, max, dka_id, program_id) VALUES (44, 2, 4, 10, 2);
INSERT INTO public.weight(id, min, max, dka_id, program_id) VALUES (45, 1, 3, 11, 2);
INSERT INTO public.weight(id, min, max, dka_id, program_id) VALUES (46, 3, 5, 12, 2);
INSERT INTO public.weight(id, min, max, dka_id, program_id) VALUES (47, 0, 2, 13, 2);
INSERT INTO public.weight(id, min, max, dka_id, program_id) VALUES (48, 2, 4, 14, 2);
INSERT INTO public.weight(id, min, max, dka_id, program_id) VALUES (49, 2, 4, 15, 2);
INSERT INTO public.weight(id, min, max, dka_id, program_id) VALUES (50, 0, 2, 16, 2);
INSERT INTO public.weight(id, min, max, dka_id, program_id) VALUES (51, 0, 2, 17, 2);
INSERT INTO public.weight(id, min, max, dka_id, program_id) VALUES (52, 1, 2, 18, 2);
INSERT INTO public.weight(id, min, max, dka_id, program_id) VALUES (53, 2, 4, 19, 2);
INSERT INTO public.weight(id, min, max, dka_id, program_id) VALUES (54, 1, 3, 20, 2);
INSERT INTO public.weight(id, min, max, dka_id, program_id) VALUES (55, 1, 3, 21, 2);
INSERT INTO public.weight(id, min, max, dka_id, program_id) VALUES (56, 1, 3, 22, 2);
INSERT INTO public.weight(id, min, max, dka_id, program_id) VALUES (57, 2, 4, 23, 2);
INSERT INTO public.weight(id, min, max, dka_id, program_id) VALUES (58, 2, 4, 24, 2);
INSERT INTO public.weight(id, min, max, dka_id, program_id) VALUES (59, 2, 4, 25, 2);
INSERT INTO public.weight(id, min, max, dka_id, program_id) VALUES (60, 3, 5, 26, 2);
INSERT INTO public.weight(id, min, max, dka_id, program_id) VALUES (61, 4, 5, 27, 2);
INSERT INTO public.weight(id, min, max, dka_id, program_id) VALUES (62, 3, 5, 28, 2);
INSERT INTO public.weight(id, min, max, dka_id, program_id) VALUES (63, 4, 5, 29, 2);
INSERT INTO public.weight(id, min, max, dka_id, program_id) VALUES (64, 2, 3, 30, 2);
INSERT INTO public.weight(id, min, max, dka_id, program_id) VALUES (65, 3, 4, 31, 2);
INSERT INTO public.weight(id, min, max, dka_id, program_id) VALUES (66, 1, 2, 32, 2);
INSERT INTO public.weight(id, min, max, dka_id, program_id) VALUES (67, 1, 2, 33, 2);
INSERT INTO public.weight(id, min, max, dka_id, program_id) VALUES (68, 0, 1, 34, 2);

-- CSEC
INSERT INTO public.weight(id, min, max, dka_id, program_id) VALUES (69, 2, 4, 1, 3);
INSERT INTO public.weight(id, min, max, dka_id, program_id) VALUES (70, 4, 5, 2, 3);
INSERT INTO public.weight(id, min, max, dka_id, program_id) VALUES (71, 1, 2, 3, 3);
INSERT INTO public.weight(id, min, max, dka_id, program_id) VALUES (72, 1, 2, 4, 3);
INSERT INTO public.weight(id, min, max, dka_id, program_id) VALUES (73, 1, 2, 5, 3);
INSERT INTO public.weight(id, min, max, dka_id, program_id) VALUES (74, 1, 3, 6, 3);
INSERT INTO public.weight(id, min, max, dka_id, program_id) VALUES (75, 4, 5, 7, 3);
INSERT INTO public.weight(id, min, max, dka_id, program_id) VALUES (76, 1, 2, 8, 3);
INSERT INTO public.weight(id, min, max, dka_id, program_id) VALUES (77, 0, 2, 9, 3);
INSERT INTO public.weight(id, min, max, dka_id, program_id) VALUES (78, 2, 3, 10, 3);
INSERT INTO public.weight(id, min, max, dka_id, program_id) VALUES (79, 1, 2, 11, 3);
INSERT INTO public.weight(id, min, max, dka_id, program_id) VALUES (80, 1, 2, 12, 3);
INSERT INTO public.weight(id, min, max, dka_id, program_id) VALUES (81, 1, 3, 13, 3);
INSERT INTO public.weight(id, min, max, dka_id, program_id) VALUES (82, 1, 2, 14, 3);
INSERT INTO public.weight(id, min, max, dka_id, program_id) VALUES (83, 2, 4, 15, 3);
INSERT INTO public.weight(id, min, max, dka_id, program_id) VALUES (84, 1, 3, 16, 3);
INSERT INTO public.weight(id, min, max, dka_id, program_id) VALUES (85, 0, 2, 17, 3);
INSERT INTO public.weight(id, min, max, dka_id, program_id) VALUES (86, 1, 2, 18, 3);
INSERT INTO public.weight(id, min, max, dka_id, program_id) VALUES (87, 4, 5, 19, 3);
INSERT INTO public.weight(id, min, max, dka_id, program_id) VALUES (88, 1, 2, 20, 3);
INSERT INTO public.weight(id, min, max, dka_id, program_id) VALUES (89, 0, 2, 21, 3);
INSERT INTO public.weight(id, min, max, dka_id, program_id) VALUES (90, 1, 2, 22, 3);
INSERT INTO public.weight(id, min, max, dka_id, program_id) VALUES (91, 1, 3, 23, 3);
INSERT INTO public.weight(id, min, max, dka_id, program_id) VALUES (92, 0, 1, 24, 3);
INSERT INTO public.weight(id, min, max, dka_id, program_id) VALUES (93, 0, 1, 25, 3);
INSERT INTO public.weight(id, min, max, dka_id, program_id) VALUES (94, 2, 3, 26, 3);
INSERT INTO public.weight(id, min, max, dka_id, program_id) VALUES (95, 1, 3, 27, 3);
INSERT INTO public.weight(id, min, max, dka_id, program_id) VALUES (96, 1, 2, 28, 3);
INSERT INTO public.weight(id, min, max, dka_id, program_id) VALUES (97, 2, 3, 29, 3);
INSERT INTO public.weight(id, min, max, dka_id, program_id) VALUES (98, 1, 2, 30, 3);
INSERT INTO public.weight(id, min, max, dka_id, program_id) VALUES (99, 1, 3, 31, 3);
INSERT INTO public.weight(id, min, max, dka_id, program_id) VALUES (100, 0, 2, 32, 3);
INSERT INTO public.weight(id, min, max, dka_id, program_id) VALUES (101, 0, 1, 33, 3);
INSERT INTO public.weight(id, min, max, dka_id, program_id) VALUES (102, 0, 2, 34, 3);

-- CSEC
INSERT INTO public.weight(id, min, max, dka_id, program_id) VALUES (103, 3, 5, 1, 4);
INSERT INTO public.weight(id, min, max, dka_id, program_id) VALUES (104, 2, 3, 2, 4);
INSERT INTO public.weight(id, min, max, dka_id, program_id) VALUES (105, 4, 5, 3, 4);
INSERT INTO public.weight(id, min, max, dka_id, program_id) VALUES (106, 3, 5, 4, 4);
INSERT INTO public.weight(id, min, max, dka_id, program_id) VALUES (107, 4, 5, 5, 4);
INSERT INTO public.weight(id, min, max, dka_id, program_id) VALUES (108, 2, 4, 6, 4);
INSERT INTO public.weight(id, min, max, dka_id, program_id) VALUES (109, 2, 4, 7, 4);
INSERT INTO public.weight(id, min, max, dka_id, program_id) VALUES (110, 4, 5, 8, 4);
INSERT INTO public.weight(id, min, max, dka_id, program_id) VALUES (111, 2, 4, 9, 4);
INSERT INTO public.weight(id, min, max, dka_id, program_id) VALUES (112, 3, 5, 10, 4);
INSERT INTO public.weight(id, min, max, dka_id, program_id) VALUES (113, 1, 2, 11, 4);
INSERT INTO public.weight(id, min, max, dka_id, program_id) VALUES (114, 1, 2, 12, 4);
INSERT INTO public.weight(id, min, max, dka_id, program_id) VALUES (115, 1, 3, 13, 4);
INSERT INTO public.weight(id, min, max, dka_id, program_id) VALUES (116, 1, 3, 14, 4);
INSERT INTO public.weight(id, min, max, dka_id, program_id) VALUES (117, 1, 3, 15, 4);
INSERT INTO public.weight(id, min, max, dka_id, program_id) VALUES (118, 0, 1, 16, 4);
INSERT INTO public.weight(id, min, max, dka_id, program_id) VALUES (119, 1, 3, 17, 4);
INSERT INTO public.weight(id, min, max, dka_id, program_id) VALUES (120, 1, 3, 18, 4);
INSERT INTO public.weight(id, min, max, dka_id, program_id) VALUES (121, 1, 3, 19, 4);
INSERT INTO public.weight(id, min, max, dka_id, program_id) VALUES (122, 1, 3, 20, 4);
INSERT INTO public.weight(id, min, max, dka_id, program_id) VALUES (123, 1, 3, 21, 4);
INSERT INTO public.weight(id, min, max, dka_id, program_id) VALUES (124, 2, 4, 22, 4);
INSERT INTO public.weight(id, min, max, dka_id, program_id) VALUES (125, 1, 3, 23, 4);
INSERT INTO public.weight(id, min, max, dka_id, program_id) VALUES (126, 1, 3, 24, 4);
INSERT INTO public.weight(id, min, max, dka_id, program_id) VALUES (127, 1, 1, 25, 4);
INSERT INTO public.weight(id, min, max, dka_id, program_id) VALUES (128, 1, 2, 26, 4);
INSERT INTO public.weight(id, min, max, dka_id, program_id) VALUES (129, 1, 3, 27, 4);
INSERT INTO public.weight(id, min, max, dka_id, program_id) VALUES (130, 1, 2, 28, 4);
INSERT INTO public.weight(id, min, max, dka_id, program_id) VALUES (131, 1, 3, 29, 4);
INSERT INTO public.weight(id, min, max, dka_id, program_id) VALUES (132, 2, 3, 30, 4);
INSERT INTO public.weight(id, min, max, dka_id, program_id) VALUES (133, 1, 2, 31, 4);
INSERT INTO public.weight(id, min, max, dka_id, program_id) VALUES (134, 0, 1, 32, 4);
INSERT INTO public.weight(id, min, max, dka_id, program_id) VALUES (135, 0, 1, 33, 4);
INSERT INTO public.weight(id, min, max, dka_id, program_id) VALUES (136, 0, 1, 34, 4);

-- IT
INSERT INTO public.weight(id, min, max, dka_id, program_id) VALUES (137, 2, 4, 1, 5);
INSERT INTO public.weight(id, min, max, dka_id, program_id) VALUES (138, 2, 4, 2, 5);
INSERT INTO public.weight(id, min, max, dka_id, program_id) VALUES (139, 1, 2, 3, 5);
INSERT INTO public.weight(id, min, max, dka_id, program_id) VALUES (140, 1, 3, 4, 5);
INSERT INTO public.weight(id, min, max, dka_id, program_id) VALUES (141, 2, 3, 5, 5);
INSERT INTO public.weight(id, min, max, dka_id, program_id) VALUES (142, 3, 4, 6, 5);
INSERT INTO public.weight(id, min, max, dka_id, program_id) VALUES (143, 3, 4, 7, 5);
INSERT INTO public.weight(id, min, max, dka_id, program_id) VALUES (144, 1, 3, 8, 5);
INSERT INTO public.weight(id, min, max, dka_id, program_id) VALUES (145, 1, 3, 9, 5);
INSERT INTO public.weight(id, min, max, dka_id, program_id) VALUES (146, 2, 3, 10, 5);
INSERT INTO public.weight(id, min, max, dka_id, program_id) VALUES (147, 3, 4, 11, 5);
INSERT INTO public.weight(id, min, max, dka_id, program_id) VALUES (148, 1, 2, 12, 5);
INSERT INTO public.weight(id, min, max, dka_id, program_id) VALUES (149, 2, 4, 13, 5);
INSERT INTO public.weight(id, min, max, dka_id, program_id) VALUES (150, 1, 3, 14, 5);
INSERT INTO public.weight(id, min, max, dka_id, program_id) VALUES (151, 3, 4, 15, 5);
INSERT INTO public.weight(id, min, max, dka_id, program_id) VALUES (152, 0, 1, 16, 5);
INSERT INTO public.weight(id, min, max, dka_id, program_id) VALUES (153, 3, 4, 17, 5);
INSERT INTO public.weight(id, min, max, dka_id, program_id) VALUES (154, 2, 4, 18, 5);
INSERT INTO public.weight(id, min, max, dka_id, program_id) VALUES (155, 2, 4, 19, 5);
INSERT INTO public.weight(id, min, max, dka_id, program_id) VALUES (156, 1, 2, 20, 5);
INSERT INTO public.weight(id, min, max, dka_id, program_id) VALUES (157, 1, 3, 21, 5);
INSERT INTO public.weight(id, min, max, dka_id, program_id) VALUES (158, 1, 3, 22, 5);
INSERT INTO public.weight(id, min, max, dka_id, program_id) VALUES (159, 1, 2, 23, 5);
INSERT INTO public.weight(id, min, max, dka_id, program_id) VALUES (160, 2, 4, 24, 5);
INSERT INTO public.weight(id, min, max, dka_id, program_id) VALUES (161, 0, 1, 25, 5);
INSERT INTO public.weight(id, min, max, dka_id, program_id) VALUES (162, 1, 3, 26, 5);
INSERT INTO public.weight(id, min, max, dka_id, program_id) VALUES (163, 1, 2, 27, 5);
INSERT INTO public.weight(id, min, max, dka_id, program_id) VALUES (164, 1, 2, 28, 5);
INSERT INTO public.weight(id, min, max, dka_id, program_id) VALUES (165, 2, 4, 29, 5);
INSERT INTO public.weight(id, min, max, dka_id, program_id) VALUES (166, 1, 3, 30, 5);
INSERT INTO public.weight(id, min, max, dka_id, program_id) VALUES (167, 1, 2, 31, 5);
INSERT INTO public.weight(id, min, max, dka_id, program_id) VALUES (168, 0, 1, 32, 5);
INSERT INTO public.weight(id, min, max, dka_id, program_id) VALUES (169, 1, 2, 33, 5);
INSERT INTO public.weight(id, min, max, dka_id, program_id) VALUES (170, 0, 1, 34, 5);

-- SE
INSERT INTO public.weight(id, min, max, dka_id, program_id) VALUES (171, 3, 5, 1, 6);
INSERT INTO public.weight(id, min, max, dka_id, program_id) VALUES (172, 2, 4, 2, 6);
INSERT INTO public.weight(id, min, max, dka_id, program_id) VALUES (173, 1, 2, 3, 6);
INSERT INTO public.weight(id, min, max, dka_id, program_id) VALUES (174, 1, 3, 4, 6);
INSERT INTO public.weight(id, min, max, dka_id, program_id) VALUES (175, 2, 4, 5, 6);
INSERT INTO public.weight(id, min, max, dka_id, program_id) VALUES (176, 3, 5, 6, 6);
INSERT INTO public.weight(id, min, max, dka_id, program_id) VALUES (177, 2, 4, 7, 6);
INSERT INTO public.weight(id, min, max, dka_id, program_id) VALUES (178, 2, 4, 8, 6);
INSERT INTO public.weight(id, min, max, dka_id, program_id) VALUES (179, 3, 5, 9, 6);
INSERT INTO public.weight(id, min, max, dka_id, program_id) VALUES (180, 2, 4, 10, 6);
INSERT INTO public.weight(id, min, max, dka_id, program_id) VALUES (181, 1, 3, 11, 6);
INSERT INTO public.weight(id, min, max, dka_id, program_id) VALUES (182, 0, 1, 12, 6);
INSERT INTO public.weight(id, min, max, dka_id, program_id) VALUES (183, 1, 3, 13, 6);
INSERT INTO public.weight(id, min, max, dka_id, program_id) VALUES (184, 2, 3, 14, 6);
INSERT INTO public.weight(id, min, max, dka_id, program_id) VALUES (185, 2, 2, 15, 6);
INSERT INTO public.weight(id, min, max, dka_id, program_id) VALUES (186, 0, 3, 16, 6);
INSERT INTO public.weight(id, min, max, dka_id, program_id) VALUES (187, 1, 3, 17, 6);
INSERT INTO public.weight(id, min, max, dka_id, program_id) VALUES (188, 0, 2, 18, 6);
INSERT INTO public.weight(id, min, max, dka_id, program_id) VALUES (189, 2, 4, 19, 6);
INSERT INTO public.weight(id, min, max, dka_id, program_id) VALUES (190, 3, 5, 20, 6);
INSERT INTO public.weight(id, min, max, dka_id, program_id) VALUES (191, 3, 5, 21, 6);
INSERT INTO public.weight(id, min, max, dka_id, program_id) VALUES (192, 4, 5, 22, 6);
INSERT INTO public.weight(id, min, max, dka_id, program_id) VALUES (193, 4, 5, 23, 6);
INSERT INTO public.weight(id, min, max, dka_id, program_id) VALUES (194, 1, 3, 24, 6);
INSERT INTO public.weight(id, min, max, dka_id, program_id) VALUES (195, 0, 2, 25, 6);
INSERT INTO public.weight(id, min, max, dka_id, program_id) VALUES (196, 1, 3, 26, 6);
INSERT INTO public.weight(id, min, max, dka_id, program_id) VALUES (197, 2, 4, 27, 6);
INSERT INTO public.weight(id, min, max, dka_id, program_id) VALUES (198, 2, 3, 28, 6);
INSERT INTO public.weight(id, min, max, dka_id, program_id) VALUES (199, 3, 5, 29, 6);
INSERT INTO public.weight(id, min, max, dka_id, program_id) VALUES (200, 2, 3, 30, 6);
INSERT INTO public.weight(id, min, max, dka_id, program_id) VALUES (201, 1, 3, 31, 6);
INSERT INTO public.weight(id, min, max, dka_id, program_id) VALUES (202, 0, 2, 32, 6);
INSERT INTO public.weight(id, min, max, dka_id, program_id) VALUES (203, 0, 1, 33, 6);
INSERT INTO public.weight(id, min, max, dka_id, program_id) VALUES (204, 0, 1, 34, 6);


ALTER SEQUENCE program_id_seq RESTART WITH 7;
ALTER SEQUENCE dkag_id_seq RESTART WITH 7;
ALTER SEQUENCE dka_id_seq RESTART WITH 35;
ALTER SEQUENCE weight_id_seq RESTART WITH 205;